rank	sample	Weighted UniFrac error	Unweighted UniFrac error	L1 norm error	Completeness	Purity	F1 score	True positives	False positives	False negatives	Taxon counts	Jaccard index	Shannon diversity	Shannon equitability	Bray-Curtis distance
superkingdom	RH_S001__insert_270.fq	0.008828029985714286	0.12980997633488978	0.1473666	1.0	1.0	1.0	2.0	0.0	0.0	2.0	1.0	0.4595054143030525	0.6629261824766424	0.23840504847319854
phylum	RH_S001__insert_270.fq	0.008828029985714286	0.12980997633488978	0.023352399999999992	1.0	1.0	1.0	2.0	0.0	0.0	2.0	1.0	0.14787005121136462	0.2133313895786328	0.19575962015639037
class	RH_S001__insert_270.fq	0.008828029985714286	0.12980997633488978	0.023352399999999992	1.0	1.0	1.0	2.0	0.0	0.0	2.0	1.0	0.14787005121136462	0.2133313895786328	0.19575962015639037
order	RH_S001__insert_270.fq	0.008828029985714286	0.12980997633488978	0.023352399999999992	1.0	1.0	1.0	2.0	0.0	0.0	2.0	1.0	0.14787005121136462	0.2133313895786328	0.19575962015639037
family	RH_S001__insert_270.fq	0.008828029985714286	0.12980997633488978	0.023352399999999992	1.0	1.0	1.0	2.0	0.0	0.0	2.0	1.0	0.14787005121136462	0.2133313895786328	0.19575962015639037
genus	RH_S001__insert_270.fq	0.008828029985714286	0.12980997633488978	0.023352399999999992	1.0	1.0	1.0	2.0	0.0	0.0	2.0	1.0	0.14787005121136462	0.2133313895786328	0.19575962015639037
species	RH_S001__insert_270.fq	0.008828029985714286	0.12980997633488978	0.14736649999999998	1.0	1.0	1.0	3.0	0.0	0.0	3.0	1.0	0.461683392682581	0.420242334301847	0.23840484812795895
strain	RH_S001__insert_270.fq	0.008828029985714286	0.12980997633488978	0.14736649999999998	1.0	1.0	1.0	3.0	0.0	0.0	3.0	1.0	0.461683392682581	0.420242334301847	0.23840484812795895
