rank	sample	Weighted UniFrac error	Unweighted UniFrac error	L1 norm error	Completeness	Purity	F1 score	True positives	False positives	False negatives	Taxon counts	Jaccard index	Shannon diversity	Shannon equitability	Bray-Curtis distance
superkingdom	RH_S001__insert_270.fq	0.011207465757142859	0.12980992118683357	0.1866695	1.0	1.0	1.0	2.0	0.0	0.0	2.0	1.0	0.42041470707762163	0.606530213017671	0.3224931219307831
phylum	RH_S001__insert_270.fq	0.011207465757142859	0.12980992118683357	0.030011299999999994	1.0	1.0	1.0	2.0	0.0	0.0	2.0	1.0	0.1358247966988272	0.19595376062714964	0.26645376148760164
class	RH_S001__insert_270.fq	0.011207465757142859	0.12980992118683357	0.030011299999999994	1.0	1.0	1.0	2.0	0.0	0.0	2.0	1.0	0.1358247966988272	0.19595376062714964	0.26645376148760164
order	RH_S001__insert_270.fq	0.011207465757142859	0.12980992118683357	0.030011299999999994	1.0	1.0	1.0	2.0	0.0	0.0	2.0	1.0	0.1358247966988272	0.19595376062714964	0.26645376148760164
family	RH_S001__insert_270.fq	0.011207465757142859	0.12980992118683357	0.030011299999999994	1.0	1.0	1.0	2.0	0.0	0.0	2.0	1.0	0.1358247966988272	0.19595376062714964	0.26645376148760164
genus	RH_S001__insert_270.fq	0.011207465757142859	0.12980992118683357	0.030011299999999994	1.0	1.0	1.0	2.0	0.0	0.0	2.0	1.0	0.1358247966988272	0.19595376062714964	0.26645376148760164
species	RH_S001__insert_270.fq	0.011207465757142859	0.12980992118683357	0.1866695	1.0	1.0	1.0	3.0	0.0	0.0	3.0	1.0	0.4245978709635761	0.3864856376932872	0.3224931219307831
strain	RH_S001__insert_270.fq	0.011207465757142859	0.12980992118683357	0.1866695	1.0	1.0	1.0	3.0	0.0	0.0	3.0	1.0	0.4245978709635761	0.3864856376932872	0.3224931219307831
