rank	sample	Weighted UniFrac error	Unweighted UniFrac error	L1 norm error	Completeness	Purity	F1 score	True positives	False positives	False negatives	Taxon counts	Jaccard index	Shannon diversity	Shannon equitability	Bray-Curtis distance
superkingdom	RH_S001__insert_270.fq	0.0018152502714285715	0.12980995468466391	0.020592199999999998	1.0	1.0	1.0	2.0	0.0	0.0	2.0	1.0	0.5699530005943454	0.8222683674972465	0.026733798244871522
phylum	RH_S001__insert_270.fq	0.0018152502714285715	0.12980995468466391	0.013196400000000004	1.0	1.0	1.0	2.0	0.0	0.0	2.0	1.0	0.21294296020409503	0.3072117526786638	0.08496101671999642
class	RH_S001__insert_270.fq	0.0018152502714285715	0.12980995468466391	0.013196400000000004	1.0	1.0	1.0	2.0	0.0	0.0	2.0	1.0	0.21294296020409503	0.3072117526786638	0.08496101671999642
order	RH_S001__insert_270.fq	0.0018152502714285715	0.12980995468466391	0.013196400000000004	1.0	1.0	1.0	2.0	0.0	0.0	2.0	1.0	0.21294296020409503	0.3072117526786638	0.08496101671999642
family	RH_S001__insert_270.fq	0.0018152502714285715	0.12980995468466391	0.013196400000000004	1.0	1.0	1.0	2.0	0.0	0.0	2.0	1.0	0.21294296020409503	0.3072117526786638	0.08496101671999642
genus	RH_S001__insert_270.fq	0.0018152502714285715	0.12980995468466391	0.013196400000000004	1.0	1.0	1.0	2.0	0.0	0.0	2.0	1.0	0.21294296020409503	0.3072117526786638	0.08496101671999642
species	RH_S001__insert_270.fq	0.0018152502714285715	0.12980995468466391	0.021109300000000008	1.0	1.0	1.0	3.0	0.0	0.0	3.0	1.0	0.5748315038416534	0.5232341834975685	0.027405119124045717
strain	RH_S001__insert_270.fq	0.0018152502714285715	0.12980995468466391	0.021109300000000008	1.0	1.0	1.0	3.0	0.0	0.0	3.0	1.0	0.5748315038416534	0.5232341834975685	0.027405119124045717
