rank	sample	Weighted UniFrac error	Unweighted UniFrac error	L1 norm error	Completeness	Purity	F1 score	True positives	False positives	False negatives	Taxon counts	Jaccard index	Shannon diversity	Shannon equitability	Bray-Curtis distance
superkingdom	RH_S001__insert_270.fq	0.013927049242857143	0.12981000526736933	0.2283634	1.0	1.0	1.0	2.0	0.0	0.0	2.0	1.0	0.36569654942409663	0.5275885983243499	0.4251479971835947
phylum	RH_S001__insert_270.fq	0.013927049242857143	0.12981000526736933	0.0404442	1.0	1.0	1.0	2.0	0.0	0.0	2.0	1.0	0.1097694827310103	0.15836388837697526	0.39573813544893605
class	RH_S001__insert_270.fq	0.013927049242857143	0.12981000526736933	0.0404442	1.0	1.0	1.0	2.0	0.0	0.0	2.0	1.0	0.1097694827310103	0.15836388837697526	0.39573813544893605
order	RH_S001__insert_270.fq	0.013927049242857143	0.12981000526736933	0.0404442	1.0	1.0	1.0	2.0	0.0	0.0	2.0	1.0	0.1097694827310103	0.15836388837697526	0.39573813544893605
family	RH_S001__insert_270.fq	0.013927049242857143	0.12981000526736933	0.0404442	1.0	1.0	1.0	2.0	0.0	0.0	2.0	1.0	0.1097694827310103	0.15836388837697526	0.39573813544893605
genus	RH_S001__insert_270.fq	0.013927049242857143	0.12981000526736933	0.0404442	1.0	1.0	1.0	2.0	0.0	0.0	2.0	1.0	0.1097694827310103	0.15836388837697526	0.39573813544893605
species	RH_S001__insert_270.fq	0.013927049242857143	0.12981000526736933	0.2283633	1.0	1.0	1.0	3.0	0.0	0.0	3.0	1.0	0.3680825007905591	0.33504313085447074	0.4251477318614354
strain	RH_S001__insert_270.fq	0.013927049242857143	0.12981000526736933	0.2283633	1.0	1.0	1.0	3.0	0.0	0.0	3.0	1.0	0.3680825007905591	0.33504313085447074	0.4251477318614354
