rank	sample	Weighted UniFrac error	Unweighted UniFrac error	L1 norm error	Completeness	Purity	F1 score	True positives	False positives	False negatives	Taxon counts	Jaccard index	Shannon diversity	Shannon equitability	Bray-Curtis distance
superkingdom	RH_S001__insert_270.fq	0.003510257571428572	0.0	0.04823100000000002	1.0	1.0	1.0	2.0	0.0	0.0	2.0	1.0	0.571138085238831	0.8239780832368796	0.06416729395780933
phylum	RH_S001__insert_270.fq	0.003510257571428572	0.0	0.018168000000000007	1.0	1.0	1.0	2.0	0.0	0.0	2.0	1.0	0.21842486139877207	0.31512046434686763	0.11367049072016341
class	RH_S001__insert_270.fq	0.003510257571428572	0.0	0.018168000000000007	1.0	1.0	1.0	2.0	0.0	0.0	2.0	1.0	0.21842486139877207	0.31512046434686763	0.11367049072016341
order	RH_S001__insert_270.fq	0.003510257571428572	0.0	0.018168000000000007	1.0	1.0	1.0	2.0	0.0	0.0	2.0	1.0	0.21842486139877207	0.31512046434686763	0.11367049072016341
family	RH_S001__insert_270.fq	0.003510257571428572	0.0	0.018168000000000007	1.0	1.0	1.0	2.0	0.0	0.0	2.0	1.0	0.21842486139877207	0.31512046434686763	0.11367049072016341
genus	RH_S001__insert_270.fq	0.003510257571428572	0.0	0.018168000000000007	1.0	1.0	1.0	2.0	0.0	0.0	2.0	1.0	0.21842486139877207	0.31512046434686763	0.11367049072016341
species	RH_S001__insert_270.fq	0.003510257571428572	0.0	0.04921220000000002	1.0	1.0	1.0	3.0	0.0	0.0	3.0	1.0	0.5749600778453002	0.5233512165992122	0.06547269813419802
strain	RH_S001__insert_270.fq	0.003510257571428572	0.0	0.04921220000000002	1.0	1.0	1.0	3.0	0.0	0.0	3.0	1.0	0.5749600778453002	0.5233512165992122	0.06547269813419801
