rank	sample	Weighted UniFrac error	Unweighted UniFrac error	L1 norm error	Completeness	Purity	F1 score	True positives	False positives	False negatives	Taxon counts	Jaccard index	Shannon diversity	Shannon equitability	Bray-Curtis distance
superkingdom	RH_S001__insert_270.fq	0.0016632475571428556	0.12980995802032633	0.030327399999999987	1.0	1.0	1.0	2.0	0.0	0.0	2.0	1.0	0.5420556053580018	0.7820209337360542	0.04125196926009139
phylum	RH_S001__insert_270.fq	0.0016632475571428556	0.12980995802032633	0.0021588999999999927	1.0	1.0	1.0	2.0	0.0	0.0	2.0	1.0	0.1863309468330932	0.26881873296024866	0.015367509771526669
class	RH_S001__insert_270.fq	0.0016632475571428556	0.12980995802032633	0.0021588999999999927	1.0	1.0	1.0	2.0	0.0	0.0	2.0	1.0	0.1863309468330932	0.26881873296024866	0.015367509771526669
order	RH_S001__insert_270.fq	0.0016632475571428556	0.12980995802032633	0.0021588999999999927	1.0	1.0	1.0	2.0	0.0	0.0	2.0	1.0	0.1863309468330932	0.26881873296024866	0.015367509771526669
family	RH_S001__insert_270.fq	0.0016632475571428556	0.12980995802032633	0.0021588999999999927	1.0	1.0	1.0	2.0	0.0	0.0	2.0	1.0	0.1863309468330932	0.26881873296024866	0.015367509771526669
genus	RH_S001__insert_270.fq	0.0016632475571428556	0.12980995802032633	0.0021588999999999927	1.0	1.0	1.0	2.0	0.0	0.0	2.0	1.0	0.1863309468330932	0.26881873296024866	0.015367509771526669
species	RH_S001__insert_270.fq	0.0016632475571428556	0.12980995802032633	0.030327299999999988	1.0	1.0	1.0	3.0	0.0	0.0	3.0	1.0	0.5436325086440105	0.49483563423733157	0.0412518276268212
strain	RH_S001__insert_270.fq	0.0016632475571428556	0.12980995802032633	0.030327299999999988	1.0	1.0	1.0	3.0	0.0	0.0	3.0	1.0	0.5436325086440105	0.49483563423733157	0.0412518276268212
