rank	sample	Weighted UniFrac error	Unweighted UniFrac error	L1 norm error	Completeness	Purity	F1 score	True positives	False positives	False negatives	Taxon counts	Jaccard index	Shannon diversity	Shannon equitability	Bray-Curtis distance
superkingdom	RH_S001__insert_270.fq	0.0006343829857142852	0.48261474269819193	0.006700500000000007	1.0	1.0	1.0	2.0	0.0	0.0	2.0	1.0	0.5547627021698539	0.8003533992906092	0.008775193566979663
phylum	RH_S001__insert_270.fq	0.0006343829857142852	0.48261474269819193	0.004658900000000005	0.5	1.0	0.6666666666666666	1.0	0.0	1.0	1.0	0.5	0.19220341552228723	0.0	0.03212385359372213
class	RH_S001__insert_270.fq	0.0006343829857142852	0.48261474269819193	0.004658900000000005	0.5	1.0	0.6666666666666666	1.0	0.0	1.0	1.0	0.5	0.19220341552228723	0.0	0.03212385359372213
order	RH_S001__insert_270.fq	0.0006343829857142852	0.48261474269819193	0.004658900000000005	0.5	1.0	0.6666666666666666	1.0	0.0	1.0	1.0	0.5	0.19220341552228723	0.0	0.03212385359372213
family	RH_S001__insert_270.fq	0.0006343829857142852	0.48261474269819193	0.004658900000000005	0.5	1.0	0.6666666666666666	1.0	0.0	1.0	1.0	0.5	0.19220341552228723	0.0	0.03212385359372213
genus	RH_S001__insert_270.fq	0.0006343829857142852	0.48261474269819193	0.004658900000000005	0.5	1.0	0.6666666666666666	1.0	0.0	1.0	1.0	0.5	0.19220341552228723	0.0	0.03212385359372213
species	RH_S001__insert_270.fq	0.0006343829857142852	0.48261474269819193	0.00897370000000001	0.6666666666666666	1.0	0.8	2.0	0.0	1.0	2.0	0.6666666666666666	0.5547627021698539	0.8003533992906092	0.011752250505485477
strain	RH_S001__insert_270.fq	0.0006343829857142852	0.48261474269819193	0.00897370000000001	0.6666666666666666	1.0	0.8	2.0	0.0	1.0	2.0	0.6666666666666666	0.5547627021698539	0.8003533992906092	0.011752250505485473
