rank	sample	Weighted UniFrac error	Unweighted UniFrac error	L1 norm error	Completeness	Purity	F1 score	True positives	False positives	False negatives	Taxon counts	Jaccard index	Shannon diversity	Shannon equitability	Bray-Curtis distance
superkingdom	RH_S001__insert_270.fq	0.01199737695714286	0.12980992118683357	0.19363870000000002	1.0	1.0	1.0	2.0	0.0	0.0	2.0	1.0	0.4037086181703218	0.5824284213984593	0.3386101188868039
phylum	RH_S001__insert_270.fq	0.01199737695714286	0.12980992118683357	0.0375367	1.0	1.0	1.0	2.0	0.0	0.0	2.0	1.0	0.11889460777749905	0.17152866102903627	0.35712878983206614
class	RH_S001__insert_270.fq	0.01199737695714286	0.12980992118683357	0.0375367	1.0	1.0	1.0	2.0	0.0	0.0	2.0	1.0	0.11889460777749905	0.17152866102903627	0.35712878983206614
order	RH_S001__insert_270.fq	0.01199737695714286	0.12980992118683357	0.0375367	1.0	1.0	1.0	2.0	0.0	0.0	2.0	1.0	0.11889460777749905	0.17152866102903627	0.35712878983206614
family	RH_S001__insert_270.fq	0.01199737695714286	0.12980992118683357	0.0375367	1.0	1.0	1.0	2.0	0.0	0.0	2.0	1.0	0.11889460777749905	0.17152866102903627	0.35712878983206614
genus	RH_S001__insert_270.fq	0.01199737695714286	0.12980992118683357	0.0375367	1.0	1.0	1.0	2.0	0.0	0.0	2.0	1.0	0.11889460777749905	0.17152866102903627	0.35712878983206614
species	RH_S001__insert_270.fq	0.01199737695714286	0.12980992118683357	0.1936387	1.0	1.0	1.0	3.0	0.0	0.0	3.0	1.0	0.40814824661470595	0.3715125443476696	0.3386101188868038
strain	RH_S001__insert_270.fq	0.01199737695714286	0.12980992118683357	0.1936387	1.0	1.0	1.0	3.0	0.0	0.0	3.0	1.0	0.40814824661470595	0.3715125443476696	0.33861011888680387
