rank	sample	Weighted UniFrac error	Unweighted UniFrac error	L1 norm error	Completeness	Purity	F1 score	True positives	False positives	False negatives	Taxon counts	Jaccard index	Shannon diversity	Shannon equitability	Bray-Curtis distance
superkingdom	RH_S001__insert_270.fq	0.013884901657142856	0.12980992118683357	0.2277154	1.0	1.0	1.0	2.0	0.0	0.0	2.0	1.0	0.36662450519725015	0.5289273555164428	0.42343078090826364
phylum	RH_S001__insert_270.fq	0.013884901657142856	0.12980992118683357	0.04028409999999999	1.0	1.0	1.0	2.0	0.0	0.0	2.0	1.0	0.11016856145804939	0.15893963727739885	0.39355506816660885
class	RH_S001__insert_270.fq	0.013884901657142856	0.12980992118683357	0.04028409999999999	1.0	1.0	1.0	2.0	0.0	0.0	2.0	1.0	0.11016856145804939	0.15893963727739885	0.39355506816660885
order	RH_S001__insert_270.fq	0.013884901657142856	0.12980992118683357	0.04028409999999999	1.0	1.0	1.0	2.0	0.0	0.0	2.0	1.0	0.11016856145804939	0.15893963727739885	0.39355506816660885
family	RH_S001__insert_270.fq	0.013884901657142856	0.12980992118683357	0.04028409999999999	1.0	1.0	1.0	2.0	0.0	0.0	2.0	1.0	0.11016856145804939	0.15893963727739885	0.39355506816660885
genus	RH_S001__insert_270.fq	0.013884901657142856	0.12980992118683357	0.04028409999999999	1.0	1.0	1.0	2.0	0.0	0.0	2.0	1.0	0.11016856145804939	0.15893963727739885	0.39355506816660885
species	RH_S001__insert_270.fq	0.013884901657142856	0.12980992118683357	0.22771539999999998	1.0	1.0	1.0	3.0	0.0	0.0	3.0	1.0	0.3690130182042294	0.3358901243054528	0.42343078090826364
strain	RH_S001__insert_270.fq	0.013884901657142856	0.12980992118683357	0.2277154	1.0	1.0	1.0	3.0	0.0	0.0	3.0	1.0	0.3690130182042294	0.3358901243054528	0.42343078090826364
