rank	sample	Weighted UniFrac error	Unweighted UniFrac error	L1 norm error	Completeness	Purity	F1 score	True positives	False positives	False negatives	Taxon counts	Jaccard index	Shannon diversity	Shannon equitability	Bray-Curtis distance
superkingdom	RH_S001__insert_270.fq	0.0019027622999999985	0.12980992118683357	0.03550149999999999	1.0	1.0	1.0	2.0	0.0	0.0	2.0	1.0	0.5439134247013926	0.7847012004896318	0.04861174155365598
phylum	RH_S001__insert_270.fq	0.0019027622999999985	0.12980992118683357	0.001513100000000005	1.0	1.0	1.0	2.0	0.0	0.0	2.0	1.0	0.1913433212098857	0.2760500606167261	0.010596168404216092
class	RH_S001__insert_270.fq	0.0019027622999999985	0.12980992118683357	0.001513100000000005	1.0	1.0	1.0	2.0	0.0	0.0	2.0	1.0	0.1913433212098857	0.2760500606167261	0.010596168404216092
order	RH_S001__insert_270.fq	0.0019027622999999985	0.12980992118683357	0.001513100000000005	1.0	1.0	1.0	2.0	0.0	0.0	2.0	1.0	0.1913433212098857	0.2760500606167261	0.010596168404216092
family	RH_S001__insert_270.fq	0.0019027622999999985	0.12980992118683357	0.001513100000000005	1.0	1.0	1.0	2.0	0.0	0.0	2.0	1.0	0.1913433212098857	0.2760500606167261	0.010596168404216092
genus	RH_S001__insert_270.fq	0.0019027622999999985	0.12980992118683357	0.001513100000000005	1.0	1.0	1.0	2.0	0.0	0.0	2.0	1.0	0.1913433212098857	0.2760500606167261	0.010596168404216092
species	RH_S001__insert_270.fq	0.0019027622999999985	0.12980992118683357	0.03686130000000001	1.0	1.0	1.0	3.0	0.0	0.0	3.0	1.0	0.5466764030937896	0.49760630636723224	0.05047369798267058
strain	RH_S001__insert_270.fq	0.0019027622999999985	0.12980992118683357	0.03686130000000001	1.0	1.0	1.0	3.0	0.0	0.0	3.0	1.0	0.5466764030937896	0.49760630636723224	0.05047369798267058
