rank	sample	Weighted UniFrac error	Unweighted UniFrac error	L1 norm error	Completeness	Purity	F1 score	True positives	False positives	False negatives	Taxon counts	Jaccard index	Shannon diversity	Shannon equitability	Bray-Curtis distance
superkingdom	ERR1700889_1.fastq	0.03170185608571429	8.979606994189229e-09	0.031023700000000015	1.0	1.0	1.0	2.0	0.0	0.0	2.0	1.0	0.249361736750151	0.359752940996902	0.01551628843430664
phylum	ERR1700889_1.fastq	0.03170185608571429	8.979606994189229e-09	0.4402224	1.0	1.0	1.0	3.0	0.0	0.0	3.0	1.0	1.0883509911509954	0.990659764483834	0.23829243630521535
class	ERR1700889_1.fastq	0.03170185608571429	8.979606994189229e-09	0.4402224	1.0	1.0	1.0	3.0	0.0	0.0	3.0	1.0	1.0883509911509954	0.990659764483834	0.23829243630521535
order	ERR1700889_1.fastq	0.03170185608571429	8.979606994189229e-09	0.4427171	1.0	1.0	1.0	4.0	0.0	0.0	4.0	1.0	1.1661640100803539	0.8412095171030568	0.23429075539841515
family	ERR1700889_1.fastq	0.03170185608571429	8.979606994189229e-09	0.4427171000000001	1.0	1.0	1.0	4.0	0.0	0.0	4.0	1.0	1.1661640100803539	0.8412095171030568	0.23429075539841523
genus	ERR1700889_1.fastq	0.03170185608571429	8.979606994189229e-09	0.4402224	1.0	1.0	1.0	3.0	0.0	0.0	3.0	1.0	1.0883509911509954	0.990659764483834	0.23829243630521535
species	ERR1700889_1.fastq	0.03170185608571429	8.979606994189229e-09	0.45575640000000006	1.0	1.0	1.0	5.0	0.0	0.0	5.0	1.0	1.3127145365240402	0.8156354006466158	0.2279433918100577
strain	ERR1700889_1.fastq	0.03170185608571429	8.979606994189229e-09	0.45575640000000006	1.0	1.0	1.0	5.0	0.0	0.0	5.0	1.0	1.3127145365240402	0.8156354006466158	0.22794339181005774
