rank	sample	Weighted UniFrac error	Unweighted UniFrac error	L1 norm error	Completeness	Purity	F1 score	True positives	False positives	False negatives	Taxon counts	Jaccard index	Shannon diversity	Shannon equitability	Bray-Curtis distance
superkingdom	ERR1700889_1.fastq	0.022288658971428562	8.980507026334093e-09	0.003605699999999956	1.0	1.0	1.0	2.0	0.0	0.0	2.0	1.0	0.29242123808088305	0.42187467002990087	0.0018033712644639716
phylum	ERR1700889_1.fastq	0.022288658971428562	8.980507026334093e-09	0.32177140000000004	1.0	1.0	1.0	3.0	0.0	0.0	3.0	1.0	1.075379879135787	0.9788529495146204	0.17582306496567593
class	ERR1700889_1.fastq	0.022288658971428562	8.980507026334093e-09	0.32177140000000004	1.0	1.0	1.0	3.0	0.0	0.0	3.0	1.0	1.075379879135787	0.9788529495146204	0.17582306496567593
order	ERR1700889_1.fastq	0.022288658971428562	8.980507026334093e-09	0.32260980000000006	1.0	1.0	1.0	4.0	0.0	0.0	4.0	1.0	1.162658156173908	0.8386805780806015	0.17200159307237445
family	ERR1700889_1.fastq	0.022288658971428562	8.980507026334093e-09	0.32260980000000006	1.0	1.0	1.0	4.0	0.0	0.0	4.0	1.0	1.162658156173908	0.8386805780806015	0.17200159307237445
genus	ERR1700889_1.fastq	0.022288658971428562	8.980507026334093e-09	0.32177140000000004	1.0	1.0	1.0	3.0	0.0	0.0	3.0	1.0	1.075379879135787	0.9788529495146204	0.17582306496567596
species	ERR1700889_1.fastq	0.022288658971428562	8.980507026334093e-09	0.3235492	1.0	1.0	1.0	5.0	0.0	0.0	5.0	1.0	1.335714911886712	0.8299263373674279	0.1618213501880693
strain	ERR1700889_1.fastq	0.022288658971428562	8.980507026334093e-09	0.3235492	1.0	1.0	1.0	5.0	0.0	0.0	5.0	1.0	1.335714911886712	0.8299263373674279	0.1618213501880693
