rank	sample	Weighted UniFrac error	Unweighted UniFrac error	L1 norm error	Completeness	Purity	F1 score	True positives	False positives	False negatives	Taxon counts	Jaccard index	Shannon diversity	Shannon equitability	Bray-Curtis distance
superkingdom	ERR1700889_1.fastq	0.0012761606714285687	8.979606992594166e-09	0.0002779999999999383	1.0	1.0	1.0	2.0	0.0	0.0	2.0	1.0	0.2884825834598117	0.4161923925403069	0.00013903516199243704
phylum	ERR1700889_1.fastq	0.0012761606714285687	8.979606992594166e-09	0.01816070000000005	1.0	1.0	1.0	3.0	0.0	0.0	3.0	1.0	0.9466592308392119	0.8616863661582409	0.009914202328077272
class	ERR1700889_1.fastq	0.0012761606714285687	8.979606992594166e-09	0.01816070000000005	1.0	1.0	1.0	3.0	0.0	0.0	3.0	1.0	0.9466592308392119	0.8616863661582409	0.009914202328077272
order	ERR1700889_1.fastq	0.0012761606714285687	8.979606992594166e-09	0.018636200000000054	1.0	1.0	1.0	4.0	0.0	0.0	4.0	1.0	1.0329315302462199	0.7451025981320348	0.00992893820746125
family	ERR1700889_1.fastq	0.0012761606714285687	8.979606992594166e-09	0.018636200000000054	1.0	1.0	1.0	4.0	0.0	0.0	4.0	1.0	1.0329315302462199	0.7451025981320348	0.00992893820746125
genus	ERR1700889_1.fastq	0.0012761606714285687	8.979606992594166e-09	0.01816070000000005	1.0	1.0	1.0	3.0	0.0	0.0	3.0	1.0	0.9466592308392119	0.8616863661582409	0.00991420232807727
species	ERR1700889_1.fastq	0.0012761606714285687	8.979606992594166e-09	0.01896170000000005	1.0	1.0	1.0	5.0	0.0	0.0	5.0	1.0	1.2037305968443912	0.7479198716177123	0.00948324783921617
strain	ERR1700889_1.fastq	0.0012761606714285687	8.979606992594166e-09	0.01896170000000005	1.0	1.0	1.0	5.0	0.0	0.0	5.0	1.0	1.2037305968443912	0.7479198716177123	0.00948324783921617
