rank	sample	Weighted UniFrac error	Unweighted UniFrac error	L1 norm error	Completeness	Purity	F1 score	True positives	False positives	False negatives	Taxon counts	Jaccard index	Shannon diversity	Shannon equitability	Bray-Curtis distance
superkingdom	ERR1700889_1.fastq	0.05591528504285715	8.979606990600046e-09	0.06131780000000002	1.0	1.0	1.0	2.0	0.0	0.0	2.0	1.0	0.20782182067187394	0.299823510071828	0.030667897961261844
phylum	ERR1700889_1.fastq	0.05591528504285715	8.979606990600046e-09	0.7711121	1.0	1.0	1.0	3.0	0.0	0.0	3.0	1.0	1.0223922239473229	0.9306215072351034	0.41401020550551376
class	ERR1700889_1.fastq	0.05591528504285715	8.979606990600046e-09	0.7711121	1.0	1.0	1.0	3.0	0.0	0.0	3.0	1.0	1.0223922239473229	0.9306215072351034	0.41401020550551376
order	ERR1700889_1.fastq	0.05591528504285715	8.979606990600046e-09	0.7792983000000001	1.0	1.0	1.0	4.0	0.0	0.0	4.0	1.0	1.0826822648953658	0.7809901672114876	0.41036138156598734
family	ERR1700889_1.fastq	0.05591528504285715	8.979606990600046e-09	0.7792983	1.0	1.0	1.0	4.0	0.0	0.0	4.0	1.0	1.0826822648953658	0.7809901672114876	0.4103613815659873
genus	ERR1700889_1.fastq	0.05591528504285715	8.979606990600046e-09	0.7711121	1.0	1.0	1.0	3.0	0.0	0.0	3.0	1.0	1.0223922239473229	0.9306215072351034	0.41401020550551376
species	ERR1700889_1.fastq	0.05591528504285715	8.979606990600046e-09	0.8018005000000001	1.0	1.0	1.0	5.0	0.0	0.0	5.0	1.0	1.2090457403553234	0.7512223559632524	0.40101788859762016
strain	ERR1700889_1.fastq	0.05591528504285715	8.979606990600046e-09	0.8018005000000001	1.0	1.0	1.0	5.0	0.0	0.0	5.0	1.0	1.2090457403553234	0.7512223559632524	0.4010178885976201
