rank	sample	Weighted UniFrac error	Unweighted UniFrac error	L1 norm error	Completeness	Purity	F1 score	True positives	False positives	False negatives	Taxon counts	Jaccard index	Shannon diversity	Shannon equitability	Bray-Curtis distance
superkingdom	ERR1700889_1.fastq	0.0064755410999999975	0.08977237272256626	0.015811699999999967	1.0	1.0	1.0	2.0	0.0	0.0	2.0	1.0	0.30666330434594496	0.4424216284025177	0.0079078360530247
phylum	ERR1700889_1.fastq	0.0064755410999999975	0.08977237272256626	0.08346009999999997	1.0	1.0	1.0	3.0	0.0	0.0	3.0	1.0	0.8616720431210296	0.7843276941364529	0.04575610446611608
class	ERR1700889_1.fastq	0.0064755410999999975	0.08977237272256626	0.08346009999999997	1.0	1.0	1.0	3.0	0.0	0.0	3.0	1.0	0.8616720431210296	0.7843276941364529	0.04575610446611608
order	ERR1700889_1.fastq	0.0064755410999999975	0.08977237272256626	0.08475619999999996	1.0	1.0	1.0	4.0	0.0	0.0	4.0	1.0	0.9502109996148602	0.6854323484712518	0.045323846342491425
family	ERR1700889_1.fastq	0.0064755410999999975	0.08977237272256626	0.08475619999999996	1.0	1.0	1.0	4.0	0.0	0.0	4.0	1.0	0.9502109996148602	0.6854323484712518	0.045323846342491425
genus	ERR1700889_1.fastq	0.0064755410999999975	0.08977237272256626	0.08346009999999997	1.0	1.0	1.0	3.0	0.0	0.0	3.0	1.0	0.8616720431210296	0.7843276941364529	0.04575610446611608
species	ERR1700889_1.fastq	0.0064755410999999975	0.08977237272256626	0.09137869999999997	1.0	1.0	1.0	5.0	0.0	0.0	5.0	1.0	1.133101966092245	0.7040358359512926	0.04570082776289263
strain	ERR1700889_1.fastq	0.0064755410999999975	0.08977237272256626	0.09137869999999997	1.0	1.0	1.0	5.0	0.0	0.0	5.0	1.0	1.133101966092245	0.7040358359512926	0.04570082776289263
