rank	sample	Weighted UniFrac error	Unweighted UniFrac error	L1 norm error	Completeness	Purity	F1 score	True positives	False positives	False negatives	Taxon counts	Jaccard index	Shannon diversity	Shannon equitability	Bray-Curtis distance
superkingdom	ERR1700889_1.fastq	0.0	0.0	0.0	1.0	1.0	1.0	2.0	0.0	0.0	2.0	1.0	0.288143970496774	0.4157038772977516	0.0
phylum	ERR1700889_1.fastq	0.0	0.0	0.0	1.0	1.0	1.0	3.0	0.0	0.0	3.0	1.0	0.942222757686928	0.8576481142671553	0.0
class	ERR1700889_1.fastq	0.0	0.0	0.0	1.0	1.0	1.0	3.0	0.0	0.0	3.0	1.0	0.942222757686928	0.8576481142671553	0.0
order	ERR1700889_1.fastq	0.0	0.0	0.0	1.0	1.0	1.0	4.0	0.0	0.0	4.0	1.0	1.0271681980507141	0.7409452327433089	0.0
family	ERR1700889_1.fastq	0.0	0.0	0.0	1.0	1.0	1.0	4.0	0.0	0.0	4.0	1.0	1.0271681980507141	0.7409452327433089	0.0
genus	ERR1700889_1.fastq	0.0	0.0	0.0	1.0	1.0	1.0	3.0	0.0	0.0	3.0	1.0	0.942222757686928	0.8576481142671553	0.0
species	ERR1700889_1.fastq	0.0	0.0	0.0	1.0	1.0	1.0	5.0	0.0	0.0	5.0	1.0	1.1985507222020098	0.7447014345457612	0.0
strain	ERR1700889_1.fastq	0.0	0.0	0.0	1.0	1.0	1.0	5.0	0.0	0.0	5.0	1.0	1.1985507222020098	0.7447014345457612	0.0
