rank	sample	Weighted UniFrac error	Unweighted UniFrac error	L1 norm error	Completeness	Purity	F1 score	True positives	False positives	False negatives	Taxon counts	Jaccard index	Shannon diversity	Shannon equitability	Bray-Curtis distance
superkingdom	ERR1700889_1.fastq	0.004139104071428567	0.1795447364655255	0.006886499999999991	1.0	1.0	1.0	2.0	0.0	0.0	2.0	1.0	0.29630626027853313	0.4274795722881942	0.003444139449012703
phylum	ERR1700889_1.fastq	0.004139104071428567	0.1795447364655255	0.054943800000000015	1.0	1.0	1.0	3.0	0.0	0.0	3.0	1.0	0.9765155110608073	0.8888627235771	0.03004894894471169
class	ERR1700889_1.fastq	0.004139104071428567	0.1795447364655255	0.054943800000000015	1.0	1.0	1.0	3.0	0.0	0.0	3.0	1.0	0.9765155110608073	0.8888627235771	0.03004894894471169
order	ERR1700889_1.fastq	0.004139104071428567	0.1795447364655255	0.05779200000000001	1.0	1.0	1.0	4.0	0.0	0.0	4.0	1.0	1.0692645557859264	0.7713113360153482	0.030805625310164442
family	ERR1700889_1.fastq	0.004139104071428567	0.1795447364655255	0.05779200000000001	1.0	1.0	1.0	4.0	0.0	0.0	4.0	1.0	1.0692645557859264	0.7713113360153482	0.030805625310164442
genus	ERR1700889_1.fastq	0.004139104071428567	0.1795447364655255	0.054943800000000015	1.0	1.0	1.0	3.0	0.0	0.0	3.0	1.0	0.9765155110608073	0.8888627235771	0.030048948944711683
species	ERR1700889_1.fastq	0.004139104071428567	0.1795447364655255	0.058392700000000006	1.0	1.0	1.0	5.0	0.0	0.0	5.0	1.0	1.241719310778736	0.7715235867041124	0.029203891905084493
strain	ERR1700889_1.fastq	0.004139104071428567	0.1795447364655255	0.058392700000000006	1.0	1.0	1.0	5.0	0.0	0.0	5.0	1.0	1.241719310778736	0.7715235867041124	0.029203891905084496
