rank	sample	Weighted UniFrac error	Unweighted UniFrac error	L1 norm error	Completeness	Purity	F1 score	True positives	False positives	False negatives	Taxon counts	Jaccard index	Shannon diversity	Shannon equitability	Bray-Curtis distance
superkingdom	ERR1700889_1.fastq	0.04160357635714285	0.24398845105036443	0.41181339999999994	1.0	1.0	1.0	2.0	0.0	0.0	2.0	1.0	0.6090296538686687	0.8786440613906502	0.2099023165366653
phylum	ERR1700889_1.fastq	0.04160357635714285	0.24398845105036443	0.3237299	1.0	1.0	1.0	3.0	0.0	0.0	3.0	1.0	0.9402899965811213	0.8558888392929513	0.2014202768865479
class	ERR1700889_1.fastq	0.04160357635714285	0.24398845105036443	0.3237299	1.0	1.0	1.0	3.0	0.0	0.0	3.0	1.0	0.9402899965811213	0.8558888392929513	0.2014202768865479
order	ERR1700889_1.fastq	0.04160357635714285	0.24398845105036443	0.346078	0.75	1.0	0.8571428571428571	3.0	0.0	1.0	3.0	0.75	0.9402899965811213	0.8558888392929513	0.21237199187031783
family	ERR1700889_1.fastq	0.04160357635714285	0.24398845105036443	0.34607800000000005	0.75	1.0	0.8571428571428571	3.0	0.0	1.0	3.0	0.75	0.9402899965811213	0.8558888392929513	0.21237199187031783
genus	ERR1700889_1.fastq	0.04160357635714285	0.24398845105036443	0.3237299	1.0	1.0	1.0	3.0	0.0	0.0	3.0	1.0	0.9402899965811213	0.8558888392929513	0.2014202768865479
species	ERR1700889_1.fastq	0.04160357635714285	0.24398845105036443	0.5555611	0.8	1.0	0.888888888888889	4.0	0.0	1.0	4.0	0.8	1.2940911783442846	0.9334894627277273	0.2831708631235312
strain	ERR1700889_1.fastq	0.04160357635714285	0.24398845105036443	0.5555611	0.8	1.0	0.888888888888889	4.0	0.0	1.0	4.0	0.8	1.2940911783442846	0.9334894627277273	0.2831708631235311
