rank	sample	Weighted UniFrac error	Unweighted UniFrac error	L1 norm error	Completeness	Purity	F1 score	True positives	False positives	False negatives	Taxon counts	Jaccard index	Shannon diversity	Shannon equitability	Bray-Curtis distance
superkingdom	ERR1700889_1.fastq	0.05028270975714286	0.0897723637434075	0.05444770000000007	1.0	1.0	1.0	2.0	0.0	0.0	2.0	1.0	0.21760682811865245	0.31394029179035693	0.027231718605090976
phylum	ERR1700889_1.fastq	0.05028270975714286	0.0897723637434075	0.6940471000000001	1.0	1.0	1.0	3.0	0.0	0.0	3.0	1.0	1.048060024866715	0.9539853464931825	0.373321612332246
class	ERR1700889_1.fastq	0.05028270975714286	0.0897723637434075	0.6940471000000001	1.0	1.0	1.0	3.0	0.0	0.0	3.0	1.0	1.048060024866715	0.9539853464931825	0.373321612332246
order	ERR1700889_1.fastq	0.05028270975714286	0.0897723637434075	0.7008193	1.0	1.0	1.0	4.0	0.0	0.0	4.0	1.0	1.1128873946579618	0.8027785626704401	0.36942835751604436
family	ERR1700889_1.fastq	0.05028270975714286	0.0897723637434075	0.7008193	1.0	1.0	1.0	4.0	0.0	0.0	4.0	1.0	1.1128873946579618	0.8027785626704401	0.36942835751604436
genus	ERR1700889_1.fastq	0.05028270975714286	0.0897723637434075	0.6940470999999999	1.0	1.0	1.0	3.0	0.0	0.0	3.0	1.0	1.048060024866715	0.9539853464931825	0.37332161233224587
species	ERR1700889_1.fastq	0.05028270975714286	0.0897723637434075	0.7212959000000001	1.0	1.0	1.0	5.0	0.0	0.0	5.0	1.0	1.2437486067096932	0.7727844591585756	0.360752153259469
strain	ERR1700889_1.fastq	0.05028270975714286	0.0897723637434075	0.7212959000000001	1.0	1.0	1.0	5.0	0.0	0.0	5.0	1.0	1.2437486067096932	0.7727844591585756	0.360752153259469
