rank	sample	Weighted UniFrac error	Unweighted UniFrac error	L1 norm error	Completeness	Purity	F1 score	True positives	False positives	False negatives	Taxon counts	Jaccard index	Shannon diversity	Shannon equitability	Bray-Curtis distance
superkingdom	ERR1700889_1.fastq	0.055463494371428564	0.08977237272256626	0.06061340000000008	1.0	1.0	1.0	2.0	0.0	0.0	2.0	1.0	0.20883837928278748	0.30129009413856594	0.030315497557391196
phylum	ERR1700889_1.fastq	0.055463494371428564	0.08977237272256626	0.7650274	1.0	1.0	1.0	3.0	0.0	0.0	3.0	1.0	1.0247015840513554	0.9327235773902008	0.4108203299483309
class	ERR1700889_1.fastq	0.055463494371428564	0.08977237272256626	0.7650273999999999	1.0	1.0	1.0	3.0	0.0	0.0	3.0	1.0	1.0247015840513554	0.9327235773902008	0.4108203299483308
order	ERR1700889_1.fastq	0.055463494371428564	0.08977237272256626	0.7731191	1.0	1.0	1.0	4.0	0.0	0.0	4.0	1.0	1.0852991158087715	0.7828778261292457	0.4071621373740908
family	ERR1700889_1.fastq	0.055463494371428564	0.08977237272256626	0.7731191	1.0	1.0	1.0	4.0	0.0	0.0	4.0	1.0	1.0852991158087715	0.7828778261292457	0.4071621373740908
genus	ERR1700889_1.fastq	0.055463494371428564	0.08977237272256626	0.7650274	1.0	1.0	1.0	3.0	0.0	0.0	3.0	1.0	1.0247015840513554	0.9327235773902008	0.4108203299483309
species	ERR1700889_1.fastq	0.055463494371428564	0.08977237272256626	0.7953603999999999	1.0	1.0	1.0	5.0	0.0	0.0	5.0	1.0	1.2122477064740032	0.7532118493720643	0.3977956402948135
strain	ERR1700889_1.fastq	0.055463494371428564	0.08977237272256626	0.7953603999999999	1.0	1.0	1.0	5.0	0.0	0.0	5.0	1.0	1.2122477064740032	0.7532118493720643	0.3977956402948135
