rank	sample	Weighted UniFrac error	Unweighted UniFrac error	L1 norm error	Completeness	Purity	F1 score	True positives	False positives	False negatives	Taxon counts	Jaccard index	Shannon diversity	Shannon equitability	Bray-Curtis distance
superkingdom	ERR1700889_1.fastq	0.00455264102857143	0.08977237272256626	0.008393300000000003	1.0	1.0	1.0	2.0	0.0	0.0	2.0	1.0	0.2980720786166408	0.430027109647693	0.004197729026246199
phylum	ERR1700889_1.fastq	0.00455264102857143	0.08977237272256626	0.0598695	1.0	1.0	1.0	3.0	0.0	0.0	3.0	1.0	0.9780438656400054	0.890253891867281	0.032756304355497784
class	ERR1700889_1.fastq	0.00455264102857143	0.08977237272256626	0.0598695	1.0	1.0	1.0	3.0	0.0	0.0	3.0	1.0	0.9780438656400054	0.890253891867281	0.032756304355497784
order	ERR1700889_1.fastq	0.00455264102857143	0.08977237272256626	0.0630907	1.0	1.0	1.0	4.0	0.0	0.0	4.0	1.0	1.0717901976666742	0.7731332015235564	0.03363685786716537
family	ERR1700889_1.fastq	0.00455264102857143	0.08977237272256626	0.0630907	1.0	1.0	1.0	4.0	0.0	0.0	4.0	1.0	1.0717901976666742	0.7731332015235564	0.03363685786716537
genus	ERR1700889_1.fastq	0.00455264102857143	0.08977237272256626	0.0598695	1.0	1.0	1.0	3.0	0.0	0.0	3.0	1.0	0.9780438656400054	0.890253891867281	0.032756304355497784
species	ERR1700889_1.fastq	0.00455264102857143	0.08977237272256626	0.064073	1.0	1.0	1.0	5.0	0.0	0.0	5.0	1.0	1.2449230718037279	0.7735141953509203	0.03204473549702273
strain	ERR1700889_1.fastq	0.00455264102857143	0.08977237272256626	0.064073	1.0	1.0	1.0	5.0	0.0	0.0	5.0	1.0	1.2449230718037279	0.7735141953509203	0.03204473549702273
