rank	sample	Weighted UniFrac error	Unweighted UniFrac error	L1 norm error	Completeness	Purity	F1 score	True positives	False positives	False negatives	Taxon counts	Jaccard index	Shannon diversity	Shannon equitability	Bray-Curtis distance
superkingdom	RL_S001__insert_270.fq	0.009381379699999998	0.0	0.08629389999999994	1.0	1.0	1.0	1.0	0.0	0.0	1.0	1.0	0.3514009728174597	0.0	0.08195021879786005
phylum	RL_S001__insert_270.fq	0.009381379699999998	0.0	0.08629389999999994	1.0	1.0	1.0	1.0	0.0	0.0	1.0	1.0	0.3514009728174597	0.0	0.08195021879786005
class	RL_S001__insert_270.fq	0.009381379699999998	0.0	0.08629389999999994	1.0	1.0	1.0	1.0	0.0	0.0	1.0	1.0	0.3514009728174597	0.0	0.08195021879786005
order	RL_S001__insert_270.fq	0.009381379699999998	0.0	0.08629389999999994	1.0	1.0	1.0	1.0	0.0	0.0	1.0	1.0	0.3514009728174597	0.0	0.08195021879786005
family	RL_S001__insert_270.fq	0.009381379699999998	0.0	0.08629389999999994	1.0	1.0	1.0	1.0	0.0	0.0	1.0	1.0	0.3514009728174597	0.0	0.08195021879786005
genus	RL_S001__insert_270.fq	0.009381379699999998	0.0	0.08629389999999994	1.0	1.0	1.0	1.0	0.0	0.0	1.0	1.0	0.3514009728174597	0.0	0.08195021879786005
species	RL_S001__insert_270.fq	0.009381379699999998	0.0	0.08629389999999994	1.0	1.0	1.0	1.0	0.0	0.0	1.0	1.0	0.3514009728174597	0.0	0.08195021879786005
strain	RL_S001__insert_270.fq	0.009381379699999998	0.0	0.08629389999999994	1.0	1.0	1.0	1.0	0.0	0.0	1.0	1.0	0.3514009728174597	0.0	0.08195021879786005
