rank	sample	Weighted UniFrac error	Unweighted UniFrac error	L1 norm error	Completeness	Purity	F1 score	True positives	False positives	False negatives	Taxon counts	Jaccard index	Shannon diversity	Shannon equitability	Bray-Curtis distance
superkingdom	RL_S001__insert_270.fq	0.0	0.0	0.0	1.0	1.0	1.0	1.0	0.0	0.0	1.0	1.0	0.32056141524050563	0.0	0.0
phylum	RL_S001__insert_270.fq	0.0	0.0	0.0	1.0	1.0	1.0	1.0	0.0	0.0	1.0	1.0	0.32056141524050563	0.0	0.0
class	RL_S001__insert_270.fq	0.0	0.0	0.0	1.0	1.0	1.0	1.0	0.0	0.0	1.0	1.0	0.32056141524050563	0.0	0.0
order	RL_S001__insert_270.fq	0.0	0.0	0.0	1.0	1.0	1.0	1.0	0.0	0.0	1.0	1.0	0.32056141524050563	0.0	0.0
family	RL_S001__insert_270.fq	0.0	0.0	0.0	1.0	1.0	1.0	1.0	0.0	0.0	1.0	1.0	0.32056141524050563	0.0	0.0
genus	RL_S001__insert_270.fq	0.0	0.0	0.0	1.0	1.0	1.0	1.0	0.0	0.0	1.0	1.0	0.32056141524050563	0.0	0.0
species	RL_S001__insert_270.fq	0.0	0.0	0.0	1.0	1.0	1.0	1.0	0.0	0.0	1.0	1.0	0.32056141524050563	0.0	0.0
strain	RL_S001__insert_270.fq	0.0	0.0	0.0	1.0	1.0	1.0	1.0	0.0	0.0	1.0	1.0	0.32056141524050563	0.0	0.0
