rank	sample	Weighted UniFrac error	Unweighted UniFrac error	L1 norm error	Completeness	Purity	F1 score	True positives	False positives	False negatives	Taxon counts	Jaccard index	Shannon diversity	Shannon equitability	Bray-Curtis distance
superkingdom	RL_S001__insert_270.fq	0.009425691642857148	0.0	0.0867015	1.0	1.0	1.0	1.0	0.0	0.0	1.0	1.0	0.3515120741182425	0.0	0.0823691856032555
phylum	RL_S001__insert_270.fq	0.009425691642857148	0.0	0.0867015	1.0	1.0	1.0	1.0	0.0	0.0	1.0	1.0	0.3515120741182425	0.0	0.0823691856032555
class	RL_S001__insert_270.fq	0.009425691642857148	0.0	0.0867015	1.0	1.0	1.0	1.0	0.0	0.0	1.0	1.0	0.3515120741182425	0.0	0.0823691856032555
order	RL_S001__insert_270.fq	0.009425691642857148	0.0	0.0867015	1.0	1.0	1.0	1.0	0.0	0.0	1.0	1.0	0.3515120741182425	0.0	0.0823691856032555
family	RL_S001__insert_270.fq	0.009425691642857148	0.0	0.0867015	1.0	1.0	1.0	1.0	0.0	0.0	1.0	1.0	0.3515120741182425	0.0	0.0823691856032555
genus	RL_S001__insert_270.fq	0.009425691642857148	0.0	0.0867015	1.0	1.0	1.0	1.0	0.0	0.0	1.0	1.0	0.3515120741182425	0.0	0.0823691856032555
species	RL_S001__insert_270.fq	0.009425691642857148	0.0	0.0867015	1.0	1.0	1.0	1.0	0.0	0.0	1.0	1.0	0.3515120741182425	0.0	0.0823691856032555
strain	RL_S001__insert_270.fq	0.009425691642857148	0.0	0.0867015	1.0	1.0	1.0	1.0	0.0	0.0	1.0	1.0	0.3515120741182425	0.0	0.0823691856032555
