rank	sample	Weighted UniFrac error	Unweighted UniFrac error	L1 norm error	Completeness	Purity	F1 score	True positives	False positives	False negatives	Taxon counts	Jaccard index	Shannon diversity	Shannon equitability	Bray-Curtis distance
superkingdom	RL_S001__insert_270.fq	0.0003784235571428581	0.0	0.003480899999999991	1.0	1.0	1.0	1.0	0.0	0.0	1.0	1.0	0.3220728337922232	0.0	0.003064666496862295
phylum	RL_S001__insert_270.fq	0.0003784235571428581	0.0	0.003480899999999991	1.0	1.0	1.0	1.0	0.0	0.0	1.0	1.0	0.3220728337922232	0.0	0.003064666496862295
class	RL_S001__insert_270.fq	0.0003784235571428581	0.0	0.003480899999999991	1.0	1.0	1.0	1.0	0.0	0.0	1.0	1.0	0.3220728337922232	0.0	0.003064666496862295
order	RL_S001__insert_270.fq	0.0003784235571428581	0.0	0.003480899999999991	1.0	1.0	1.0	1.0	0.0	0.0	1.0	1.0	0.3220728337922232	0.0	0.003064666496862295
family	RL_S001__insert_270.fq	0.0003784235571428581	0.0	0.003480899999999991	1.0	1.0	1.0	1.0	0.0	0.0	1.0	1.0	0.3220728337922232	0.0	0.003064666496862295
genus	RL_S001__insert_270.fq	0.0003784235571428581	0.0	0.003480899999999991	1.0	1.0	1.0	1.0	0.0	0.0	1.0	1.0	0.3220728337922232	0.0	0.003064666496862295
species	RL_S001__insert_270.fq	0.0003784235571428581	0.0	0.003480899999999991	1.0	1.0	1.0	1.0	0.0	0.0	1.0	1.0	0.3220728337922232	0.0	0.003064666496862295
strain	RL_S001__insert_270.fq	0.0003784235571428581	0.0	0.003480899999999991	1.0	1.0	1.0	1.0	0.0	0.0	1.0	1.0	0.3220728337922232	0.0	0.003064666496862295
