rank	sample	Weighted UniFrac error	Unweighted UniFrac error	L1 norm error	Completeness	Purity	F1 score	True positives	False positives	False negatives	Taxon counts	Jaccard index	Shannon diversity	Shannon equitability	Bray-Curtis distance
superkingdom	RL_S001__insert_270.fq	0.014530664457142855	0.0	0.13365919999999995	1.0	1.0	1.0	1.0	0.0	0.0	1.0	1.0	0.361931033250102	0.0	0.13290977494300632
phylum	RL_S001__insert_270.fq	0.014530664457142855	0.0	0.13365919999999995	1.0	1.0	1.0	1.0	0.0	0.0	1.0	1.0	0.361931033250102	0.0	0.13290977494300632
class	RL_S001__insert_270.fq	0.014530664457142855	0.0	0.13365919999999995	1.0	1.0	1.0	1.0	0.0	0.0	1.0	1.0	0.361931033250102	0.0	0.13290977494300632
order	RL_S001__insert_270.fq	0.014530664457142855	0.0	0.13365919999999995	1.0	1.0	1.0	1.0	0.0	0.0	1.0	1.0	0.361931033250102	0.0	0.13290977494300632
family	RL_S001__insert_270.fq	0.014530664457142855	0.0	0.13365919999999995	1.0	1.0	1.0	1.0	0.0	0.0	1.0	1.0	0.361931033250102	0.0	0.13290977494300632
genus	RL_S001__insert_270.fq	0.014530664457142855	0.0	0.13365919999999995	1.0	1.0	1.0	1.0	0.0	0.0	1.0	1.0	0.361931033250102	0.0	0.13290977494300632
species	RL_S001__insert_270.fq	0.014530664457142855	0.0	0.13365919999999995	1.0	1.0	1.0	1.0	0.0	0.0	1.0	1.0	0.361931033250102	0.0	0.13290977494300632
strain	RL_S001__insert_270.fq	0.014530664457142855	0.0	0.13365919999999995	1.0	1.0	1.0	1.0	0.0	0.0	1.0	1.0	0.361931033250102	0.0	0.13290977494300632
