rank	sample	Weighted UniFrac error	Unweighted UniFrac error	L1 norm error	Completeness	Purity	F1 score	True positives	False positives	False negatives	Taxon counts	Jaccard index	Shannon diversity	Shannon equitability	Bray-Curtis distance
superkingdom	RL_S001__insert_270.fq	0.014690028728571437	0.0	0.1351251	1.0	1.0	1.0	1.0	0.0	0.0	1.0	1.0	0.36217756880355995	0.0	0.13456360643941026
phylum	RL_S001__insert_270.fq	0.014690028728571437	0.0	0.1351251	1.0	1.0	1.0	1.0	0.0	0.0	1.0	1.0	0.36217756880355995	0.0	0.13456360643941026
class	RL_S001__insert_270.fq	0.014690028728571437	0.0	0.1351251	1.0	1.0	1.0	1.0	0.0	0.0	1.0	1.0	0.36217756880355995	0.0	0.13456360643941026
order	RL_S001__insert_270.fq	0.014690028728571437	0.0	0.1351251	1.0	1.0	1.0	1.0	0.0	0.0	1.0	1.0	0.36217756880355995	0.0	0.13456360643941026
family	RL_S001__insert_270.fq	0.014690028728571437	0.0	0.1351251	1.0	1.0	1.0	1.0	0.0	0.0	1.0	1.0	0.36217756880355995	0.0	0.13456360643941026
genus	RL_S001__insert_270.fq	0.014690028728571437	0.0	0.1351251	1.0	1.0	1.0	1.0	0.0	0.0	1.0	1.0	0.36217756880355995	0.0	0.13456360643941026
species	RL_S001__insert_270.fq	0.014690028728571437	0.0	0.1351251	1.0	1.0	1.0	1.0	0.0	0.0	1.0	1.0	0.36217756880355995	0.0	0.13456360643941026
strain	RL_S001__insert_270.fq	0.014690028728571437	0.0	0.1351251	1.0	1.0	1.0	1.0	0.0	0.0	1.0	1.0	0.36217756880355995	0.0	0.13456360643941026
