rank	sample	Weighted UniFrac error	Unweighted UniFrac error	L1 norm error	Completeness	Purity	F1 score	True positives	False positives	False negatives	Taxon counts	Jaccard index	Shannon diversity	Shannon equitability	Bray-Curtis distance
superkingdom	RL_S001__insert_270.fq	0.011174752300000005	0.0	0.1027901	1.0	1.0	1.0	1.0	0.0	0.0	1.0	1.0	0.35561961725062635	0.0	0.09916964437408425
phylum	RL_S001__insert_270.fq	0.011174752300000005	0.0	0.1027901	1.0	1.0	1.0	1.0	0.0	0.0	1.0	1.0	0.35561961725062635	0.0	0.09916964437408425
class	RL_S001__insert_270.fq	0.011174752300000005	0.0	0.1027901	1.0	1.0	1.0	1.0	0.0	0.0	1.0	1.0	0.35561961725062635	0.0	0.09916964437408425
order	RL_S001__insert_270.fq	0.011174752300000005	0.0	0.1027901	1.0	1.0	1.0	1.0	0.0	0.0	1.0	1.0	0.35561961725062635	0.0	0.09916964437408425
family	RL_S001__insert_270.fq	0.011174752300000005	0.0	0.1027901	1.0	1.0	1.0	1.0	0.0	0.0	1.0	1.0	0.35561961725062635	0.0	0.09916964437408425
genus	RL_S001__insert_270.fq	0.011174752300000005	0.0	0.1027901	1.0	1.0	1.0	1.0	0.0	0.0	1.0	1.0	0.35561961725062635	0.0	0.09916964437408425
species	RL_S001__insert_270.fq	0.011174752300000005	0.0	0.1027901	1.0	1.0	1.0	1.0	0.0	0.0	1.0	1.0	0.35561961725062635	0.0	0.09916964437408425
strain	RL_S001__insert_270.fq	0.011174752300000005	0.0	0.1027901	1.0	1.0	1.0	1.0	0.0	0.0	1.0	1.0	0.35561961725062635	0.0	0.09916964437408425
