rank	sample	Weighted UniFrac error	Unweighted UniFrac error	L1 norm error	Completeness	Purity	F1 score	True positives	False positives	False negatives	Taxon counts	Jaccard index	Shannon diversity	Shannon equitability	Bray-Curtis distance
superkingdom	RL_S001__insert_270.fq	0.009912122842857146	0.0	0.0911759	1.0	1.0	1.0	1.0	0.0	0.0	1.0	1.0	0.35270900164403957	0.0	0.08698978620711963
phylum	RL_S001__insert_270.fq	0.009912122842857146	0.0	0.0911759	1.0	1.0	1.0	1.0	0.0	0.0	1.0	1.0	0.35270900164403957	0.0	0.08698978620711963
class	RL_S001__insert_270.fq	0.009912122842857146	0.0	0.0911759	1.0	1.0	1.0	1.0	0.0	0.0	1.0	1.0	0.35270900164403957	0.0	0.08698978620711963
order	RL_S001__insert_270.fq	0.009912122842857146	0.0	0.0911759	1.0	1.0	1.0	1.0	0.0	0.0	1.0	1.0	0.35270900164403957	0.0	0.08698978620711963
family	RL_S001__insert_270.fq	0.009912122842857146	0.0	0.0911759	1.0	1.0	1.0	1.0	0.0	0.0	1.0	1.0	0.35270900164403957	0.0	0.08698978620711963
genus	RL_S001__insert_270.fq	0.009912122842857146	0.0	0.0911759	1.0	1.0	1.0	1.0	0.0	0.0	1.0	1.0	0.35270900164403957	0.0	0.08698978620711963
species	RL_S001__insert_270.fq	0.009912122842857146	0.0	0.0911759	1.0	1.0	1.0	1.0	0.0	0.0	1.0	1.0	0.35270900164403957	0.0	0.08698978620711963
strain	RL_S001__insert_270.fq	0.009912122842857146	0.0	0.0911759	1.0	1.0	1.0	1.0	0.0	0.0	1.0	1.0	0.35270900164403957	0.0	0.08698978620711963
