rank	sample	Weighted UniFrac error	Unweighted UniFrac error	L1 norm error	Completeness	Purity	F1 score	True positives	False positives	False negatives	Taxon counts	Jaccard index	Shannon diversity	Shannon equitability	Bray-Curtis distance
superkingdom	RL_S001__insert_270.fq	0.014349187699999998	0.0	0.13198989999999994	1.0	1.0	1.0	1.0	0.0	0.0	1.0	1.0	0.3616442887722691	0.0	0.1310323288440406
phylum	RL_S001__insert_270.fq	0.014349187699999998	0.0	0.13198989999999994	1.0	1.0	1.0	1.0	0.0	0.0	1.0	1.0	0.3616442887722691	0.0	0.1310323288440406
class	RL_S001__insert_270.fq	0.014349187699999998	0.0	0.13198989999999994	1.0	1.0	1.0	1.0	0.0	0.0	1.0	1.0	0.3616442887722691	0.0	0.1310323288440406
order	RL_S001__insert_270.fq	0.014349187699999998	0.0	0.13198989999999994	1.0	1.0	1.0	1.0	0.0	0.0	1.0	1.0	0.3616442887722691	0.0	0.1310323288440406
family	RL_S001__insert_270.fq	0.014349187699999998	0.0	0.13198989999999994	1.0	1.0	1.0	1.0	0.0	0.0	1.0	1.0	0.3616442887722691	0.0	0.1310323288440406
genus	RL_S001__insert_270.fq	0.014349187699999998	0.0	0.13198989999999994	1.0	1.0	1.0	1.0	0.0	0.0	1.0	1.0	0.3616442887722691	0.0	0.1310323288440406
species	RL_S001__insert_270.fq	0.014349187699999998	0.0	0.13198989999999994	1.0	1.0	1.0	1.0	0.0	0.0	1.0	1.0	0.3616442887722691	0.0	0.1310323288440406
strain	RL_S001__insert_270.fq	0.014349187699999998	0.0	0.13198989999999994	1.0	1.0	1.0	1.0	0.0	0.0	1.0	1.0	0.3616442887722691	0.0	0.1310323288440406
